region,network,x,y,z,accuracy,idiff
R_V1,Visual1,13.887,-79.370,2.955,0.4204,0.15966
R_MST,Visual2,43.311,-65.464,3.659,0.6018,0.39371
R_V6,Visual2,17.078,-76.274,28.453,0.4823,0.24670
R_V2,Visual2,13.893,-79.529,3.723,0.4602,0.22771
R_V3,Visual2,19.741,-85.705,6.250,0.3835,0.15033
R_V4,Visual2,29.711,-82.541,-1.277,0.4159,0.13611
R_V8,Visual2,31.210,-72.263,-12.862,0.4499,0.16738
R_4,Somatomotor,28.232,-17.791,53.604,0.5177,0.27651
R_3b,Somatomotor,35.839,-22.864,50.965,0.5442,0.31688
R_FEF,Cingulo-Oper,40.910,-2.814,48.778,0.5619,0.32026
R_PEF,Language,44.179,1.843,35.286,0.5487,0.33899
R_55b,Default,46.775,1.336,44.429,0.5369,0.29382
R_V3A,Visual2,16.942,-87.154,26.603,0.4971,0.25965
R_RSC,Frontopariet,6.130,-34.591,21.694,0.5914,0.38839
R_POS2,Frontopariet,11.863,-69.054,36.231,0.4676,0.21197
R_V7,Visual2,25.192,-80.886,29.840,0.4808,0.19740
R_IPS1,Visual2,25.106,-67.630,35.069,0.4690,0.19058
R_FFC,Visual2,39.901,-55.205,-18.457,0.6047,0.38768
R_V3B,Visual2,28.715,-75.259,19.568,0.4513,0.19800
R_LO1,Visual2,37.846,-82.384,3.456,0.5723,0.32975
R_LO2,Visual2,43.854,-81.564,-5.214,0.5531,0.27615
R_PIT,Visual2,42.428,-79.092,-13.511,0.5575,0.27725
R_MT,Visual2,46.174,-71.354,5.914,0.6165,0.42140
R_A1,Auditory,43.897,-23.417,9.654,0.4617,0.15761
R_PSL,Default,60.848,-38.675,21.156,0.6121,0.41492
R_SFL,Default,8.946,15.959,62.293,0.5811,0.33969
R_PCV,Dorsal-atten,7.151,-52.277,48.623,0.4926,0.19223
R_STV,Default,55.861,-42.648,15.238,0.6121,0.41312
R_7Pm,Frontopariet,6.585,-65.359,48.635,0.5088,0.25172
R_7m,Posterior-Mu,6.021,-59.988,35.020,0.4823,0.24986
R_POS1,Posterior-Mu,11.919,-57.467,15.082,0.6195,0.43102
R_23d,Posterior-Mu,3.641,-22.457,38.249,0.4838,0.23473
R_v23ab,Posterior-Mu,5.102,-53.057,19.288,0.5324,0.28702
R_d23ab,Posterior-Mu,3.830,-39.897,31.839,0.4543,0.15136
R_31pv,Posterior-Mu,9.570,-44.663,33.271,0.5059,0.22961
R_5m,Somatomotor,5.735,-37.764,63.252,0.5398,0.27804
R_5mv,Cingulo-Oper,13.720,-38.873,50.991,0.4646,0.15175
R_23c,Cingulo-Oper,12.177,-32.162,41.728,0.4543,0.22762
R_5L,Somatomotor,12.461,-43.928,69.801,0.6858,0.46653
R_24dd,Somatomotor,8.241,-17.373,49.838,0.5133,0.29352
R_24dv,Somatomotor,10.705,-4.913,45.365,0.4661,0.23237
R_7AL,Somatomotor,19.552,-50.714,63.244,0.6239,0.43742
R_SCEF,Cingulo-Oper,7.204,4.133,56.573,0.4794,0.21895
R_6ma,Cingulo-Oper,18.504,4.681,63.018,0.5737,0.35685
R_7Am,Cingulo-Oper,8.580,-58.651,60.000,0.5885,0.33408
R_7PL,Language,13.594,-70.234,53.245,0.5900,0.33774
R_7PC,Somatomotor,32.757,-47.584,59.205,0.6711,0.45232
R_LIPv,Visual2,27.396,-55.403,51.141,0.5501,0.32135
R_VIP,Visual2,19.527,-60.633,59.113,0.6254,0.42276
R_MIP,Language,24.083,-63.101,45.135,0.4882,0.24675
R_1,Somatomotor,43.721,-24.207,54.956,0.5575,0.31086
R_2,Somatomotor,35.361,-32.841,50.244,0.5767,0.33423
R_3a,Somatomotor,31.550,-21.500,44.885,0.5369,0.28201
R_6d,Somatomotor,35.684,-12.142,61.291,0.5516,0.29126
R_6mp,Somatomotor,15.911,-11.987,65.051,0.5221,0.29154
R_6v,Somatomotor,57.148,3.552,30.122,0.6534,0.45282
R_p24pr,Cingulo-Oper,5.414,-2.920,40.229,0.5133,0.22160
R_33pr,Cingulo-Oper,4.462,11.067,28.976,0.5575,0.33399
R_a24pr,Cingulo-Oper,5.739,16.467,32.772,0.5531,0.27795
R_p32pr,Cingulo-Oper,10.875,13.586,38.888,0.5472,0.35659
R_a24,Posterior-Mu,6.797,37.233,-0.268,0.7581,0.50918
R_d32,Posterior-Mu,10.589,36.885,24.177,0.7773,0.51212
R_8BM,Frontopariet,6.509,27.818,45.221,0.5619,0.31499
R_p32,Posterior-Mu,11.469,43.849,-1.680,0.8097,0.53736
R_10r,Posterior-Mu,8.398,46.901,-8.288,0.6829,0.46107
R_47m,Posterior-Mu,34.125,30.219,-15.034,0.8466,0.56818
R_8Av,Posterior-Mu,37.573,19.791,45.977,0.5634,0.30901
R_8Ad,Posterior-Mu,23.292,26.229,42.857,0.5693,0.30181
R_9m,Posterior-Mu,8.788,50.569,20.417,0.7684,0.51810
R_8BL,Posterior-Mu,11.891,37.848,48.980,0.6091,0.39567
R_9p,Posterior-Mu,19.248,45.241,34.005,0.6091,0.37478
R_10d,Posterior-Mu,10.847,63.033,6.255,0.6018,0.39975
R_8C,Frontopariet,38.392,18.146,34.434,0.5885,0.33969
R_44,Default,51.472,17.692,12.052,0.8038,0.56570
R_45,Default,49.856,27.009,3.251,0.8614,0.57719
R_47l,Posterior-Mu,45.498,31.684,-11.404,0.8732,0.57169
R_a47r,Frontopariet,37.614,47.714,-6.162,0.8274,0.55508
R_6r,Cingulo-Oper,49.670,7.158,16.346,0.7035,0.49907
R_IFJa,Default,40.308,17.435,22.525,0.5516,0.35488
R_IFJp,Frontopariet,36.616,7.716,26.669,0.5221,0.29753
R_IFSp,Default,45.447,26.172,18.484,0.6032,0.42360
R_IFSa,Frontopariet,45.705,34.450,6.099,0.7950,0.54541
R_p9-46v,Frontopariet,43.650,30.677,26.636,0.6165,0.42664
R_46,Cingulo-Oper,33.616,34.537,29.478,0.6342,0.43722
R_a9-46v,Frontopariet,39.098,47.419,10.991,0.7743,0.52993
R_9-46d,Cingulo-Oper,27.857,43.430,22.612,0.6785,0.46339
R_9a,Posterior-Mu,18.726,57.282,20.895,0.6814,0.46628
R_10v,Posterior-Mu,5.520,47.828,-15.705,0.7625,0.51553
R_a10p,Frontopariet,25.083,56.998,-6.670,0.6652,0.47622
R_10pp,Posterior-Mu,13.390,57.484,-15.294,0.6726,0.47360
R_11l,Frontopariet,24.780,42.637,-14.484,0.7080,0.50152
R_13l,Frontopariet,21.677,24.716,-19.128,0.7330,0.57131
R_OFC,Posterior-Mu,10.354,30.987,-22.817,0.7153,0.48781
R_47s,Posterior-Mu,31.176,21.031,-17.450,0.8407,0.57963
R_LIPd,Language,30.432,-53.873,43.008,0.5560,0.27514
R_6a,Language,26.488,-1.583,50.343,0.5103,0.27775
R_i6-8,Frontopariet,33.050,11.603,51.768,0.5265,0.30244
R_s6-8,Frontopariet,20.366,18.317,55.500,0.5988,0.30546
R_43,Cingulo-Oper,56.443,-1.742,9.883,0.6003,0.41827
R_OP4,Somatomotor,57.252,-13.579,15.873,0.5531,0.35266
R_OP1,Somatomotor,44.057,-21.722,18.261,0.5000,0.23800
R_OP2-3,Somatomotor,38.434,-16.424,18.378,0.5383,0.28343
R_52,Auditory,38.523,-23.240,2.334,0.5162,0.26270
R_RI,Auditory,40.625,-32.287,17.349,0.5118,0.22507
R_PFcm,Cingulo-Oper,47.527,-29.975,22.193,0.5605,0.32870
R_PoI2,Cingulo-Oper,39.282,-5.441,-0.482,0.6637,0.47156
R_TA2,Auditory,51.987,-2.339,-7.232,0.5649,0.40008
R_FOP4,Cingulo-Oper,37.674,13.590,8.335,0.8186,0.54865
R_MI,Cingulo-Oper,37.088,7.336,2.874,0.8201,0.55320
R_Pir,Orbito-Affec,33.357,3.935,-18.436,0.8628,0.56708
R_AVI,Frontopariet,32.671,23.910,-3.257,0.9071,0.59035
R_AAIC,Orbito-Affec,33.330,13.921,-12.290,0.8835,0.57894
R_FOP1,Cingulo-Oper,47.977,2.723,5.920,0.6298,0.44129
R_FOP3,Cingulo-Oper,35.241,5.781,11.596,0.7080,0.48758
R_FOP2,Somatomotor,40.334,-3.813,14.902,0.6357,0.42898
R_PFt,Language,51.469,-26.360,38.835,0.6519,0.45290
R_AIP,Language,35.601,-40.998,41.428,0.5782,0.32939
R_EC,Posterior-Mu,21.965,-13.624,-26.965,0.6549,0.48430
R_PreS,Posterior-Mu,20.346,-34.057,-8.410,0.4661,0.19765
R_H,Posterior-Mu,30.818,-27.285,-14.704,0.5900,0.37224
R_ProS,Visual1,20.451,-50.504,0.852,0.4690,0.23361
R_PeEc,Ventral-Mult,29.335,-11.282,-32.363,0.8304,0.56261
R_STGa,Default,51.328,9.508,-18.856,0.7124,0.52814
R_PBelt,Auditory,57.170,-20.048,5.883,0.5841,0.39305
R_A5,Default,61.416,-18.262,-2.681,0.6047,0.40685
R_PHA1,Posterior-Mu,22.434,-34.676,-16.006,0.5369,0.25769
R_PHA3,Language,35.060,-37.522,-16.535,0.6003,0.41632
R_STSda,Default,52.403,-7.453,-14.954,0.7404,0.49991
R_STSdp,Default,48.265,-30.153,-3.482,0.6032,0.37208
R_STSvp,Posterior-Mu,58.070,-33.607,-6.802,0.6903,0.51373
R_TGd,Posterior-Mu,40.379,9.371,-32.742,0.8997,0.58273
R_TE1a,Posterior-Mu,60.104,-7.765,-24.659,0.7286,0.52140
R_TE1p,Frontopariet,60.331,-43.987,-12.562,0.7109,0.50852
R_TE2a,Posterior-Mu,53.820,-20.102,-29.561,0.7640,0.56347
R_TF,Ventral-Mult,41.297,-22.307,-26.919,0.7891,0.56476
R_TE2p,Language,47.029,-41.663,-19.721,0.6917,0.52564
R_PHT,Language,57.409,-53.271,-4.095,0.7035,0.48894
R_PH,Visual2,47.283,-61.488,-10.945,0.5988,0.36381
R_TPOJ1,Default,51.328,-42.960,7.281,0.6283,0.44004
R_TPOJ2,Dorsal-atten,52.242,-58.709,6.942,0.6534,0.45652
R_TPOJ3,Dorsal-atten,41.023,-63.286,13.687,0.5398,0.34095
R_DVT,Visual1,19.652,-68.005,29.931,0.5103,0.30067
R_PGp,Language,40.961,-77.959,21.773,0.6195,0.36838
R_IP2,Frontopariet,42.158,-46.441,39.749,0.5959,0.33058
R_IP1,Frontopariet,34.582,-63.959,42.460,0.5870,0.30618
R_IP0,Language,32.974,-72.323,27.251,0.5324,0.32010
R_PFop,Cingulo-Oper,59.548,-21.363,27.521,0.6947,0.47590
R_PF,Cingulo-Oper,56.844,-33.236,34.159,0.6755,0.46029
R_PFm,Frontopariet,51.689,-49.266,37.889,0.5737,0.32101
R_PGi,Posterior-Mu,46.726,-57.208,22.844,0.5870,0.40489
R_PGs,Posterior-Mu,43.638,-65.372,37.325,0.5516,0.26269
R_V6A,Visual2,21.200,-81.295,41.489,0.5059,0.21341
R_VMV1,Visual2,19.536,-52.976,-7.861,0.4749,0.24834
R_VMV3,Visual2,29.144,-59.619,-9.943,0.4912,0.23212
R_PHA2,Posterior-Mu,32.539,-35.185,-15.034,0.6091,0.40785
R_V4t,Visual2,44.955,-77.206,-2.026,0.6003,0.37281
R_FST,Visual2,46.283,-63.008,-2.673,0.6209,0.43030
R_V3CD,Visual2,33.283,-82.594,13.799,0.5413,0.27986
R_LO3,Visual2,44.638,-77.133,8.821,0.6519,0.44554
R_VMV2,Visual2,29.576,-53.216,-7.086,0.4897,0.20888
R_31pd,Posterior-Mu,11.833,-51.671,35.523,0.4808,0.16690
R_31a,Posterior-Mu,6.813,-42.575,40.964,0.5044,0.20864
R_VVC,Visual2,30.319,-47.786,-18.425,0.5560,0.28985
R_25,Posterior-Mu,4.934,20.355,-13.053,0.7699,0.56007
R_s32,Posterior-Mu,6.851,32.728,-12.531,0.6239,0.41439
R_pOFC,Orbito-Affec,15.208,13.104,-18.068,0.6917,0.52651
R_PoI1,Cingulo-Oper,38.936,-12.951,-5.393,0.5841,0.34354
R_Ig,Somatomotor,36.030,-14.203,14.148,0.5782,0.32369
R_FOP5,Cingulo-Oper,36.918,25.851,5.092,0.8864,0.58222
R_p10p,Frontopariet,25.433,54.692,5.159,0.7773,0.52329
R_p47r,Frontopariet,43.889,41.207,-2.518,0.8333,0.55861
R_TGv,Default,37.592,-3.626,-41.358,0.7345,0.51594
R_MBelt,Auditory,44.009,-19.865,4.410,0.5295,0.28646
R_LBelt,Auditory,48.466,-25.900,7.977,0.4882,0.24276
R_A4,Auditory,64.164,-18.628,4.537,0.6195,0.42187
R_STSva,Posterior-Mu,53.935,-14.183,-17.183,0.7345,0.52451
R_TE1m,Posterior-Mu,61.261,-27.643,-17.125,0.7448,0.51757
R_PI,Cingulo-Oper,44.603,-8.939,-12.304,0.7139,0.50227
R_a32pr,Cingulo-Oper,11.054,27.480,29.114,0.6637,0.43624
R_p24,Cingulo-Oper,5.757,33.809,15.809,0.6268,0.39514
L_V1,Visual1,-12.684,-82.322,1.543,0.4735,0.26689
L_MST,Visual2,-42.320,-66.783,4.320,0.5929,0.39095
L_V6,Visual2,-14.298,-77.732,26.516,0.5310,0.30421
L_V2,Visual2,-12.525,-80.101,2.570,0.4469,0.22818
L_V3,Visual2,-18.637,-85.214,3.580,0.4528,0.23470
L_V4,Visual2,-29.220,-83.088,-2.409,0.4853,0.25657
L_V8,Visual2,-32.402,-71.994,-14.660,0.5147,0.28049
L_4,Somatomotor,-28.626,-19.206,52.171,0.5147,0.25981
L_3b,Somatomotor,-37.282,-23.871,50.944,0.5678,0.34310
L_FEF,Cingulo-Oper,-39.657,-5.377,47.805,0.5811,0.34603
L_PEF,Cingulo-Oper,-47.057,-0.558,37.148,0.5796,0.35158
L_55b,Default,-47.030,-0.349,45.836,0.6254,0.36575
L_V3A,Visual2,-16.785,-89.084,22.581,0.4248,0.15917
L_RSC,Frontopariet,-6.054,-35.924,20.351,0.5914,0.36271
L_POS2,Frontopariet,-10.551,-69.724,34.604,0.5118,0.28050
L_V7,Visual2,-23.790,-81.550,25.931,0.4912,0.20685
L_IPS1,Visual2,-23.050,-71.878,32.254,0.4823,0.22057
L_FFC,Visual2,-41.355,-55.983,-19.093,0.6268,0.37247
L_V3B,Visual2,-27.379,-79.879,15.551,0.4853,0.22528
L_LO1,Visual2,-38.537,-84.011,2.521,0.5870,0.37395
L_LO2,Visual2,-43.089,-81.205,-6.633,0.5885,0.33949
L_PIT,Visual2,-41.238,-79.044,-13.835,0.5428,0.29792
L_MT,Visual2,-44.797,-72.605,6.085,0.6460,0.44640
L_A1,Auditory,-43.340,-25.204,9.631,0.5251,0.26795
L_PSL,Cingulo-Oper,-56.821,-45.664,20.986,0.5929,0.37635
L_SFL,Default,-8.698,16.903,60.735,0.5796,0.34950
L_PCV,Dorsal-atten,-7.590,-50.955,47.571,0.5973,0.40833
L_STV,Dorsal-atten,-59.819,-47.359,13.976,0.6991,0.49279
L_7Pm,Frontopariet,-7.191,-64.829,48.004,0.5324,0.33251
L_7m,Posterior-Mu,-5.588,-61.032,34.129,0.5723,0.38512
L_POS1,Posterior-Mu,-11.722,-58.968,12.717,0.5310,0.30872
L_23d,Posterior-Mu,-3.230,-20.008,37.109,0.5664,0.38727
L_v23ab,Posterior-Mu,-4.955,-55.782,18.070,0.6003,0.38822
L_d23ab,Posterior-Mu,-3.287,-39.813,30.590,0.6077,0.42204
L_31pv,Posterior-Mu,-9.266,-45.856,31.883,0.6121,0.37506
L_5m,Somatomotor,-6.903,-39.271,60.088,0.5546,0.34886
L_5mv,Cingulo-Oper,-15.089,-36.159,47.828,0.5678,0.37108
L_23c,Cingulo-Oper,-12.004,-28.085,41.507,0.5354,0.32432
L_5L,Somatomotor,-13.747,-45.490,68.062,0.6254,0.38945
L_24dd,Somatomotor,-8.550,-17.278,48.281,0.6136,0.41108
L_24dv,Somatomotor,-9.910,-2.105,43.290,0.6844,0.43436
L_7AL,Somatomotor,-19.132,-52.538,62.939,0.6136,0.41387
L_SCEF,Cingulo-Oper,-7.302,3.306,54.857,0.6150,0.40030
L_6ma,Cingulo-Oper,-16.576,3.885,64.872,0.5693,0.33648
L_7Am,Cingulo-Oper,-9.210,-57.637,58.593,0.5531,0.32585
L_7PL,Language,-12.949,-71.771,50.438,0.5531,0.32201
L_7PC,Somatomotor,-34.014,-48.877,57.926,0.5693,0.35596
L_LIPv,Visual2,-28.156,-56.406,51.892,0.5354,0.32276
L_VIP,Visual2,-21.135,-63.522,58.558,0.5678,0.35790
L_MIP,Language,-21.902,-64.069,42.465,0.4395,0.14664
L_1,Somatomotor,-42.825,-26.064,55.414,0.5531,0.28280
L_2,Somatomotor,-35.378,-34.647,51.249,0.5457,0.34805
L_3a,Somatomotor,-34.038,-21.732,42.138,0.4897,0.27716
L_6d,Somatomotor,-33.318,-13.547,62.987,0.6047,0.32025
L_6mp,Somatomotor,-13.011,-14.760,66.519,0.5457,0.29074
L_6v,Somatomotor,-57.787,1.787,31.184,0.6298,0.45652
L_p24pr,Cingulo-Oper,-4.027,-1.305,38.120,0.6357,0.42772
L_33pr,Frontopariet,-3.731,10.911,28.304,0.6652,0.44328
L_a24pr,Cingulo-Oper,-5.840,17.209,30.907,0.6681,0.43231
L_p32pr,Cingulo-Oper,-10.225,14.337,37.371,0.6844,0.44535
L_a24,Posterior-Mu,-5.473,38.901,-0.790,0.4690,0.26336
L_d32,Frontopariet,-9.640,39.322,22.065,0.5649,0.36741
L_8BM,Frontopariet,-6.247,30.397,42.564,0.5678,0.35793
L_p32,Posterior-Mu,-11.201,45.687,-1.013,0.6209,0.40893
L_10r,Posterior-Mu,-7.863,48.072,-8.649,0.5177,0.24832
L_47m,Posterior-Mu,-35.240,30.976,-13.954,0.8392,0.57317
L_8Av,Posterior-Mu,-37.301,16.672,48.225,0.6490,0.43972
L_8Ad,Posterior-Mu,-23.507,24.672,40.896,0.6077,0.34666
L_9m,Posterior-Mu,-7.463,51.154,22.127,0.5310,0.28284
L_8BL,Posterior-Mu,-11.783,35.645,50.507,0.5944,0.31774
L_9p,Posterior-Mu,-17.943,43.583,37.116,0.6416,0.39397
L_10d,Posterior-Mu,-10.903,62.334,9.076,0.5324,0.32396
L_8C,Frontopariet,-40.150,15.601,35.634,0.6254,0.41076
L_44,Frontopariet,-50.507,15.363,11.899,0.7434,0.53675
L_45,Default,-47.485,27.036,3.082,0.8481,0.56811
L_47l,Posterior-Mu,-44.047,30.884,-10.415,0.8850,0.57685
L_a47r,Frontopariet,-38.976,45.736,-9.854,0.7950,0.55022
L_6r,Cingulo-Oper,-51.221,5.582,16.469,0.6460,0.47151
L_IFJa,Default,-39.216,11.814,24.610,0.5324,0.30988
L_IFJp,Frontopariet,-39.167,2.981,27.553,0.5590,0.35787
L_IFSp,Frontopariet,-44.126,20.860,21.036,0.5708,0.36520
L_IFSa,Cingulo-Oper,-43.325,30.579,12.265,0.6445,0.46388
L_p9-46v,Frontopariet,-42.876,28.853,27.023,0.6283,0.39094
L_46,Cingulo-Oper,-36.038,35.187,28.753,0.6372,0.39622
L_a9-46v,Frontopariet,-36.827,47.204,8.785,0.6150,0.43827
L_9-46d,Cingulo-Oper,-28.165,41.778,21.759,0.6195,0.40095
L_9a,Posterior-Mu,-19.598,52.958,24.354,0.5914,0.33526
L_10v,Posterior-Mu,-4.307,48.329,-18.676,0.6032,0.39147
L_a10p,Frontopariet,-24.979,54.339,-4.462,0.6106,0.40730
L_10pp,Posterior-Mu,-12.750,57.832,-14.948,0.6136,0.37095
L_11l,Frontopariet,-24.844,43.954,-13.301,0.6652,0.42401
L_13l,Frontopariet,-22.447,26.938,-18.296,0.7065,0.52952
L_OFC,Frontopariet,-11.059,30.186,-22.249,0.6637,0.48305
L_47s,Posterior-Mu,-31.404,20.479,-17.513,0.8245,0.56722
L_LIPd,Language,-28.655,-54.863,40.753,0.5147,0.24879
L_6a,Language,-24.398,-3.388,52.313,0.5192,0.28553
L_i6-8,Frontopariet,-30.531,7.397,52.287,0.5796,0.31724
L_s6-8,Frontopariet,-22.182,21.394,54.337,0.5841,0.34536
L_43,Cingulo-Oper,-56.346,-1.197,8.680,0.6239,0.41962
L_OP4,Somatomotor,-57.954,-13.246,14.344,0.5900,0.40725
L_OP1,Somatomotor,-46.683,-22.297,17.868,0.4764,0.23224
L_OP2-3,Somatomotor,-39.488,-16.752,17.266,0.5147,0.22925
L_52,Auditory,-38.637,-22.813,-1.007,0.5310,0.34315
L_RI,Somatomotor,-39.171,-34.340,16.920,0.5693,0.33489
L_PFcm,Cingulo-Oper,-50.326,-32.495,20.075,0.5088,0.29370
L_PoI2,Cingulo-Oper,-38.616,-4.479,-2.748,0.6357,0.45314
L_TA2,Auditory,-51.143,-1.495,-8.492,0.6091,0.37613
L_FOP4,Cingulo-Oper,-38.120,12.914,7.431,0.8260,0.55659
L_MI,Cingulo-Oper,-35.303,8.955,2.515,0.8304,0.56013
L_Pir,Orbito-Affec,-31.213,3.733,-18.515,0.8584,0.56998
L_AVI,Frontopariet,-29.804,24.060,-3.182,0.9159,0.59118
L_AAIC,Orbito-Affec,-32.609,12.705,-12.540,0.8761,0.58001
L_FOP1,Cingulo-Oper,-50.018,2.661,3.983,0.5767,0.40899
L_FOP3,Cingulo-Oper,-35.043,3.178,11.968,0.6637,0.47243
L_FOP2,Somatomotor,-41.133,-3.904,13.671,0.5501,0.37915
L_PFt,Language,-49.891,-29.140,35.653,0.6136,0.42346
L_AIP,Language,-35.720,-41.350,40.174,0.5103,0.24336
L_EC,Posterior-Mu,-21.136,-12.380,-29.279,0.6534,0.44166
L_PreS,Posterior-Mu,-19.416,-32.574,-11.659,0.5236,0.25226
L_H,Posterior-Mu,-30.988,-27.183,-15.778,0.6121,0.46975
L_ProS,Visual1,-21.136,-56.040,2.147,0.4469,0.15024
L_PeEc,Ventral-Mult,-29.828,-10.612,-33.111,0.7183,0.53186
L_STGa,Default,-50.863,9.023,-18.047,0.6726,0.47342
L_PBelt,Auditory,-53.917,-25.370,4.901,0.5649,0.38138
L_A5,Default,-61.437,-17.510,-3.011,0.6268,0.40882
L_PHA1,Posterior-Mu,-22.009,-35.394,-16.772,0.5575,0.31350
L_PHA3,Language,-33.097,-37.944,-17.388,0.5973,0.43205
L_STSda,Posterior-Mu,-53.733,-10.689,-11.869,0.6637,0.49895
L_STSdp,Default,-51.682,-34.128,-1.537,0.6062,0.38500
L_STSvp,Posterior-Mu,-53.862,-36.203,-6.088,0.6681,0.45752
L_TGd,Posterior-Mu,-39.032,7.849,-32.028,0.8732,0.57663
L_TE1a,Posterior-Mu,-59.474,-12.011,-22.022,0.6991,0.49727
L_TE1p,Frontopariet,-59.657,-45.057,-11.747,0.6858,0.46455
L_TE2a,Posterior-Mu,-53.175,-23.422,-29.723,0.8009,0.58898
L_TF,Ventral-Mult,-40.530,-22.595,-27.674,0.7684,0.56671
L_TE2p,Language,-46.959,-40.759,-21.950,0.7094,0.53102
L_PHT,Language,-57.038,-57.211,-1.100,0.8024,0.54285
L_PH,Visual2,-45.479,-61.144,-9.596,0.6460,0.40972
L_TPOJ1,Default,-52.652,-46.044,7.417,0.6504,0.44843
L_TPOJ2,Dorsal-atten,-48.149,-61.154,9.998,0.6475,0.42996
L_TPOJ3,Dorsal-atten,-42.996,-69.694,14.341,0.5826,0.34519
L_DVT,Visual1,-18.361,-71.162,28.540,0.5472,0.34449
L_PGp,Language,-40.176,-80.267,20.870,0.6018,0.33917
L_IP2,Frontopariet,-39.587,-51.092,38.185,0.4631,0.21656
L_IP1,Frontopariet,-30.445,-66.487,39.318,0.4602,0.20042
L_IP0,Language,-31.142,-75.401,23.987,0.5369,0.33333
L_PFop,Cingulo-Oper,-60.066,-23.584,25.819,0.7139,0.50207
L_PF,Cingulo-Oper,-56.277,-39.412,35.308,0.6047,0.40769
L_PFm,Frontopariet,-48.543,-56.422,38.237,0.5664,0.31919
L_PGi,Posterior-Mu,-43.421,-59.144,21.712,0.5575,0.33910
L_PGs,Posterior-Mu,-40.585,-71.633,34.241,0.5059,0.26207
L_V6A,Visual2,-18.809,-84.099,37.684,0.5383,0.27761
L_VMV1,Visual2,-20.061,-52.738,-7.418,0.5000,0.20351
L_VMV3,Visual2,-29.437,-60.103,-10.818,0.4853,0.25338
L_PHA2,Posterior-Mu,-31.303,-36.510,-14.756,0.6386,0.47921
L_V4t,Visual2,-43.383,-76.313,-2.212,0.5811,0.37861
L_FST,Visual2,-46.981,-64.778,-1.800,0.6814,0.47545
L_V3CD,Visual2,-34.519,-85.329,10.533,0.5516,0.33288
L_LO3,Visual2,-44.907,-78.731,9.231,0.6327,0.38473
L_VMV2,Visual2,-28.029,-53.102,-7.245,0.5295,0.24932
L_31pd,Posterior-Mu,-11.355,-51.484,34.155,0.6445,0.40505
L_31a,Frontopariet,-6.193,-37.068,42.005,0.5354,0.34280
L_VVC,Visual2,-31.162,-51.644,-19.156,0.5516,0.28023
L_25,Posterior-Mu,-4.915,23.229,-12.721,0.8569,0.57524
L_s32,Posterior-Mu,-7.304,34.333,-13.236,0.6962,0.51941
L_pOFC,Orbito-Affec,-13.894,13.282,-18.465,0.7655,0.54112
L_PoI1,Cingulo-Oper,-38.116,-12.142,-6.969,0.5900,0.35643
L_Ig,Somatomotor,-35.501,-15.442,13.519,0.5177,0.21116
L_FOP5,Cingulo-Oper,-34.215,26.403,4.763,0.8894,0.57944
L_p10p,Frontopariet,-22.174,57.344,4.066,0.5678,0.33866
L_p47r,Frontopariet,-42.037,39.835,0.807,0.7773,0.54468
L_TGv,Default,-39.083,-2.955,-41.543,0.6224,0.43415
L_MBelt,Auditory,-44.271,-18.800,1.912,0.5162,0.28664
L_LBelt,Auditory,-45.275,-28.238,6.439,0.5649,0.33270
L_A4,Auditory,-62.866,-22.788,4.898,0.6814,0.47714
L_STSva,Posterior-Mu,-51.913,-14.253,-16.840,0.6991,0.51537
L_TE1m,Frontopariet,-60.899,-29.036,-17.069,0.6976,0.51666
L_PI,Cingulo-Oper,-43.663,-6.440,-15.547,0.6077,0.42234
L_a32pr,Cingulo-Oper,-10.615,29.208,26.916,0.6519,0.42532
L_p24,Cingulo-Oper,-4.585,34.611,15.001,0.5177,0.26081
